lat,long,id,object,name,comune
-34.6010550786978,-58.3824383808245,1355,public WiFi location,Teatro Colón,1
-34.5834025294832,-58.4186737209999,1354,public WiFi location,Ministerio de Ambiente y Espacio Publico - Jardín Botánico,14
-34.5931203288775,-58.3746145336963,1353,public WiFi location,Torre Monumental - Centro de Informes de Museos,1
-34.6395850988822,-58.4086560696891,1352,public WiFi location,Polideportivo Parque Patricios,4
-34.63290710494,-58.4447617841128,1351,public WiFi location,Polideportivo Chacabuco,7
-34.6219408053394,-58.491802763223,1350,public WiFi location,Polideportivo Pomar,10
-34.6677723599491,-58.4961512700635,1348,public WiFi location,Polideportivo Dorrego,9
-34.6346958022058,-58.525532408329,1347,public WiFi location,Estación de Combis Puerto Madero,9
-34.6322732149446,-58.4411009194112,1344,public WiFi location,Subsede Comunal 7,7
-34.6456803774604,-58.4849111882715,1343,public WiFi location,Subsede Comunal 9,9
-34.6237277072939,-58.3937047814704,1341,public WiFi location,Subsede Comunal 3 RC,3
-34.588922581605,-58.3936257447122,1340,public WiFi location,Subsede Comunal 2 RC,2
-34.6013384659779,-58.4963222238925,1339,public WiFi location,Subsede Comunal 11,11
-34.659690705259,-58.5050901227551,1338,public WiFi location,Sede de Comuna 9,9
-34.6847103855944,-58.4553385709999,1337,public WiFi location,Sede de Comuna 8,8
-34.6301555653832,-58.4670021929804,1336,public WiFi location,Sede de Comuna 7 RC,7
-34.6088110284662,-58.4311977233421,1335,public WiFi location,Sede de Comuna 6 RC,6
-34.6230513970428,-58.4126589451862,1334,public WiFi location,Sede de Comuna 5 RC,5
-34.6504766972091,-58.4246528238924,1333,public WiFi location,Sede de Comuna 4,4
-34.6029258037964,-58.3969104940854,1332,public WiFi location,Sede de Comuna 3,3
-34.5966672734247,-58.398843215301,1331,public WiFi location,Sede de Comuna 2,2
-34.5869884020329,-58.4412537875197,1330,public WiFi location,Sede de Comuna 15 RC,15
-34.5872362218366,-58.4094356167977,1329,public WiFi location,Sede de Comuna 14 RC,14
-34.5537821362625,-58.4640257642185,1328,public WiFi location,Sede de Comuna 13 RC (2),13
-34.5537821362625,-58.4640257642185,1327,public WiFi location,Sede de Comuna 13 RC,13
-34.568793102478,-58.4829174322358,1326,public WiFi location,Sede de Comuna 12 RC,12
-34.6083646509668,-58.5159950164007,1325,public WiFi location,Sede de Comuna 11 RC,11
-34.631782073125,-58.4834402088205,1324,public WiFi location,Sede de Comuna 10,10
-34.6206943528891,-58.3693544705291,1323,public WiFi location,Sede de Comuna 1 - Ex Padelai,1
-34.587741487986,-58.3920633991447,1322,public WiFi location,Cementerio de Recoleta,2
-34.5792142127002,-58.4189153449358,1318,public WiFi location,Teatro Sarmiento,14
-34.5687229996412,-58.5072411180313,1316,public WiFi location,Museo Cornelio Saavedra,12
-34.5909015149309,-58.3799281142343,1315,public WiFi location,Museo Fernandez Blanco,1
-34.6150277981534,-58.4482561688671,1314,public WiFi location,Museo Luis Perlotti,6
-34.5798337766253,-58.405193457689,1313,public WiFi location,Museo José Hernández,14
-34.6295762750908,-58.3569527157363,1311,public WiFi location,Museo del Cine,4
-34.610448696541,-58.3720756782359,1310,public WiFi location,Museo de la Ciudad,1
-34.6218932751909,-58.3707228298668,1309,public WiFi location,Museo de Arte Moderno (MAMBA),1
-34.6016428199661,-58.4079201424532,1308,public WiFi location,Museo Carlos Gardel,3
-34.6150277981534,-58.4482561688671,1307,public WiFi location,Museo de Esculturas Luis Perlotti,6
-34.5761766943104,-58.4835681109282,1305,public WiFi location,Teatro 25 de Mayo,12
-34.6463659055867,-58.5209647328291,1304,public WiFi location,Biblioteca Hernández,9
-34.5616012524313,-58.4487213145965,1303,public WiFi location,Biblioteca Reina Batata (Infantil),13
-34.6374599361024,-58.4075573257288,1301,public WiFi location,Biblioteca Enrique Banchs,4
-34.6481414640518,-58.4364434362011,1300,public WiFi location,Biblioteca Javier Villafañe,7
-34.6677559900079,-58.4970633560937,1299,public WiFi location,Biblioteca Benito Lynch,9
-34.6354224360637,-58.3590382949462,1298,public WiFi location,Biblioteca  Joaquin V Gonzalez,4
-34.6340561219499,-58.4383368931647,1296,public WiFi location,Biblioteca Estanislao del Campo,7
-34.6347521675363,-58.5264183919838,1295,public WiFi location,Biblioteca Miguel Cané,9
-34.6147190167285,-58.3881375128311,1294,public WiFi location,Biblioteca Alfonsina Storni y Martín Del Barco Centenera,1
-34.599491226542,-58.3891346330003,1293,public WiFi location,Biblioteca Manuel Gálvez,1
-34.5649452255431,-58.4616862674174,1290,public WiFi location,Biblioteca José Mármol,13
-34.6768104326257,-58.4749577923524,1289,public WiFi location,Biblioteca El Progreso,8
-34.624605602224,-58.3914784393026,1288,public WiFi location,Biblioteca Del Docente,3
-34.5813524825881,-58.4238732709212,1287,public WiFi location,Biblioteca Carlos Guido y Spano,14
-34.5993148523254,-58.5108943448392,1286,public WiFi location,Biblioteca Antonio Devoto,11
-34.5913558455624,-58.4503632008697,1285,public WiFi location,Biblioteca Baldomero Fernández Moreno,15
-34.6355542952125,-58.3821441990908,1277,public WiFi location,HOSPITAL C.TOBAR GARCIA,4
-34.6365417802164,-58.3818757602047,1276,public WiFi location,HOSPITAL T.BORDA,4
-34.6302462723121,-58.3755798287977,1275,public WiFi location,HOSPITAL M.FERRER,4
-34.6055973716177,-58.4600880921142,1273,public WiFi location,HOSPITAL PEDRO LAGLEYSE,11
-34.607088234185,-58.4328773180102,1272,public WiFi location,HOSPITAL MARIE CURIE,6
-34.634350530468,-58.3913584369387,1271,public WiFi location,HOSPITAL B. UDAONDO,4
-34.6085337392116,-58.434992192874,1270,public WiFi location,HOSPITAL LUIS PASTEUR,6
-34.6372222500782,-58.3929971575529,1269,public WiFi location,HOSPITAL MUÑIZ,4
-34.5844277590145,-58.4026946692434,1268,public WiFi location,HOSPITAL RAMON CARRILLO,2
-34.6228328424835,-58.3944660060865,1267,public WiFi location,HOSPITAL SANTA LUCIA,3
-34.6737584669302,-58.4590247254215,1266,public WiFi location,HOSPITAL CECILIA GRIERSON,8
-34.6253304355219,-58.4022558602816,1265,public WiFi location,CESAC Nº 45,3
-34.660583839361,-58.467459400591,1264,public WiFi location,CESAC Nº 44,8
-34.6777278133414,-58.466531198788,1263,public WiFi location,CESAC Nº 43,8
-34.6313128366299,-58.3578287818444,1262,public WiFi location,CESAC Nº 41,4
-34.6450900570133,-58.445473021812,1261,public WiFi location,CESAC Nº 40,7
-34.6310096347237,-58.409825072463,1260,public WiFi location,CESAC Nº 39,4
-34.6625599604733,-58.5001656497841,1259,public WiFi location,CESAC Nº 37,9
-34.6065389146236,-58.478147869199,1257,public WiFi location,CESAC Nº 34,11
-34.5864529319586,-58.441724197515,1256,public WiFi location,CESAC Nº 33,14
-34.649796469603,-58.4050474814826,1253,public WiFi location,CESAC Nº 30,4
-34.6847872309211,-58.4867261316979,1252,public WiFi location,CESAC Nº 29,8
-34.6888704527395,-58.4632403942264,1251,public WiFi location,CESAC Nº 28,8
-34.5477427134101,-58.4866156740038,1250,public WiFi location,CESAC Nº 27,12
-34.5871370726218,-58.4257145429811,1249,public WiFi location,CESAC Nº 26,14
-34.6583326404398,-58.4559503950996,1247,public WiFi location,CESAC Nº 24,8
-34.592225905953,-58.4491545891361,1245,public WiFi location,CESAC Nº 22,15
-34.5842106750709,-58.3732771327423,1244,public WiFi location,CESAC Nº 21,1
-34.6429178035657,-58.4422573378036,1242,public WiFi location,CESAC Nº 19,7
-34.6736273001173,-58.4679688106035,1241,public WiFi location,CESAC Nº 18,8
-34.5927265568355,-58.4199467803627,1240,public WiFi location,CESAC Nº 17,14
-34.6485245600106,-58.3801210059809,1239,public WiFi location,CESAC Nº 16,4
-34.6600748671364,-58.474216369751,1237,public WiFi location,CESAC Nº 14,9
-34.5698179518119,-58.4742856116622,1236,public WiFi location,CESAC Nº 12,12
-34.5990220777975,-58.4105671138291,1235,public WiFi location,CESAC Nº 11,3
-34.6333577179954,-58.3837041872688,1234,public WiFi location,CESAC Nº 10,4
-34.6401424327896,-58.3660674201704,1233,public WiFi location,CESAC Nº 9,4
-34.6561352592007,-58.3972922295765,1232,public WiFi location,CESAC Nº 8,4
-34.6781848250694,-58.491104487459,1231,public WiFi location,CESAC Nº 7,8
-34.6667711112011,-58.4409479109958,1230,public WiFi location,CESAC Nº 6,8
-34.6705441659847,-58.4952684878643,1229,public WiFi location,CESAC Nº 5,8
-34.6550483255204,-58.5063444616941,1228,public WiFi location,CESAC Nº 4,9
-34.6845440291771,-58.4641470831964,1227,public WiFi location,CESAC Nº 3,8
-34.5764380800728,-58.5093944366392,1226,public WiFi location,CESAC Nº 2,12
-34.6490190529913,-58.3892876434263,1225,public WiFi location,CESAC Nº 1,4
-34.6066149036341,-58.4214257036031,1223,public WiFi location,CESAC Nº 38,5
-34.643250461187,-58.4821018798985,1222,public WiFi location,CESAC Nº 13,9
-34.6219408053394,-58.491802763223,1221,public WiFi location,CESAC Nº 36,10
-34.5814083653125,-58.3828095724783,1217,public WiFi location,ParquesyPlazas_Barrio Mugica_Plaza Primavera,
-34.5786669948217,-58.3880052819133,1199,public WiFi location,EspacioPúblico_Barrio Mugica_Cancha Comunicaciones,
-34.5857015209241,-58.3787671368584,1198,public WiFi location,EspacioPúblico_Barrio Mugica_Cedel,
-34.580607147205,-58.3837095069286,1197,public WiFi location,EspacioPúblico_Barrio Mugica_Cancha 7,
-34.5791617298999,-58.3851766497903,1196,public WiFi location,EspacioPúblico_Barrio Mugica_Cancha 9,
-34.5831108750705,-58.3802466006935,1195,public WiFi location,EspacioPúblico_Barrio Mugica_Cancha del Cartel,
-34.5844200478813,-58.3796458351096,1194,public WiFi location,EspacioPúblico_Barrio Mugica_Galpón,
-34.5830575527138,-58.3813858845836,1193,public WiFi location,EspacioPúblico_Barrio Mugica_Playón,
-34.5853889078365,-58.3764512803521,1192,public WiFi location,EspacioPúblico_Barrio Mugica_Feria,
-34.5999075832572,-58.5112061467509,1190,public WiFi location,Hospital Zubizarreta - Guardia,11
-34.5999075832572,-58.5112061467509,1189,public WiFi location,Hospital Zubizarreta - CE,11
-34.6252307396971,-58.5075003264535,1188,public WiFi location,Hospital V. Sarsfield - Guardia,10
-34.6252307396971,-58.5075003264535,1187,public WiFi location,Hospital V. Sarsfield - CE,10
-34.5873101456198,-58.4708925513627,1186,public WiFi location,Hospital Tornu - Guardia,15
-34.5873101456198,-58.4708925513627,1185,public WiFi location,Hospital Tornu - CE,15
-34.6348269548735,-58.4025372999919,1184,public WiFi location,Hospital Sarda - Guardia,4
-34.6348269548735,-58.4025372999919,1183,public WiFi location,Hospital Sarda - CE,4
-34.6493579182983,-58.515802290081,1182,public WiFi location,Hospital Santojanni - Guardia,9
-34.6493579182983,-58.515802290081,1181,public WiFi location,Hospital Santojanni - CE,9
-34.5843581999009,-58.4008087191107,1180,public WiFi location,Hospital Rivadavia - Guardia,2
-34.5843581999009,-58.4008087191107,1179,public WiFi location,Hospital Rivadavia - CE,2
-34.6176245204943,-58.4093983130713,1178,public WiFi location,Hospital Ramos Mejia - Guardia,3
-34.6176245204943,-58.4093983130713,1177,public WiFi location,Hospital Ramos Mejia - CE,3
-34.5651077473183,-58.4709860832213,1176,public WiFi location,Hospital Pirovano - Guardia,12
-34.5651077473183,-58.4709860832213,1175,public WiFi location,Hospital Pirovano - CE,12
-34.643352443674,-58.4544312225038,1174,public WiFi location,Hospital Piñero - Guardia,7
-34.643352443674,-58.4544312225038,1173,public WiFi location,Hospital Piñero - CE,7
-34.6430565960056,-58.4114106022984,1172,public WiFi location,Hospital Penna - Guardia.,4
-34.6430565960056,-58.4114106022984,1171,public WiFi location,Hospital Penna - CE,4
-34.5945260288865,-58.4107297732303,1170,public WiFi location,Hospital Gutierrez - Guardia,2
-34.5945260288865,-58.4107297732303,1169,public WiFi location,Hospital Gutierrez - CE,2
-34.5810452388456,-58.4067587715293,1168,public WiFi location,Hospital Fernandez - Guardia,14
-34.5810452388456,-58.4067587715293,1167,public WiFi location,Hospital Fernandez - CE,14
-34.6289107083515,-58.3776089749903,1166,public WiFi location,Hospital Elizalde - Guardia,4
-34.6289107083515,-58.3776089749903,1165,public WiFi location,Hospital Elizalde - CE,4
-34.6088751186439,-58.4378872409768,1164,public WiFi location,Hospital Durand - Guardia,6
-34.6088751186439,-58.4378872409768,1163,public WiFi location,Hospital Durand - CE,6
-34.6277858547459,-58.366023345923,1162,public WiFi location,Hospital Argerich - Guardia,4
-34.6277858547459,-58.366023345923,1161,public WiFi location,Hospital Argerich - CE,4
-34.6242960974224,-58.4694218564536,1160,public WiFi location,Hospital Alvarez - Guardia,7
-34.6242960974224,-58.4694218564536,1159,public WiFi location,Hospital Alvarez - CE,7
-34.5985821325455,-58.4036664853862,1156,public WiFi location,Estación Córdoba - Línea H,3
-34.5943829841057,-58.402222442725,1153,public WiFi location,Estación Santa Fe - Línea H,2
-34.5874735182596,-58.3972466023343,1150,public WiFi location,Estación Las Heras - Línea H,2
-34.6642926581946,-58.4359154983254,1148,public WiFi location,"Metrobus Sur Roca, Estación La Fuente",8
-34.5950680443597,-58.3739459746051,1147,public WiFi location,"Espacio Público, Ricardo Rojas 460",1
-34.630621399177,-58.4688637998626,1138,public WiFi location,Estación San Pedrito  - Linea A,7
-34.6290852654106,-58.463545095146,1135,public WiFi location,Estación San Jose de Flores - Linea A,7
-34.5697774971687,-58.4115616974312,1134,public WiFi location,Planetario - Espacios Comunes,14
-34.5695948991741,-58.4117895684103,1120,public WiFi location,Planetario - Oficina,14
-34.5698802754878,-58.4118329848965,1119,public WiFi location,Planetario - Frente,14
-34.5703649897348,-58.4124037275788,1118,public WiFi location,Planetario - Torre Frontal Av Roldan,14
-34.56979781131,-58.4110418697021,1117,public WiFi location,Planetario - Torre Der Av Sarmiento,14
-34.5692720420839,-58.4112198245465,1116,public WiFi location,Planetario - Torre Trasera Av Casares,14
-34.6266648153041,-58.4567125371735,1115,public WiFi location,Estación Carabobo - Linea A,7
-34.6235265353764,-58.448645990708,1112,public WiFi location,Estación Puan - Linea A,6
-34.620404288793,-58.4411769431515,1108,public WiFi location,Estación Primera Junta - Linea A,6
-34.6182822314694,-58.4364317136441,1104,public WiFi location,Estación Acoyte - Linea A,6
-34.6042447576408,-58.3805714184651,1100,public WiFi location,Estación 9 de Julio - Línea D,1
-34.6152069345248,-58.429501022945,1098,public WiFi location,Estación Rio de Janeiro - Linea A,6
-34.6117721580187,-58.421813360345,1094,public WiFi location,Estación Castro Barros - Linea A,5
-34.5751745030618,-58.4350086939463,1090,public WiFi location,Estación Ministro Carranza - Línea D,14
-34.6107801788425,-58.4151864911537,1089,public WiFi location,Estación Loria - Linea A,5
-34.6098149174944,-58.406710384828,1085,public WiFi location,Estación Plaza Miserere - Linea A,3
-34.5944263187465,-58.4023988152792,1084,public WiFi location,Estación Pueyrredón  - Línea D,2
-34.6098297074511,-58.4012074748445,1082,public WiFi location,Estación Alberti - Linea A,3
-34.607801978988,-58.3739629798376,1080,public WiFi location,Estación Catedral - Línea D,1
-34.6280168240834,-58.4338151087653,1077,public WiFi location,Estación Jose Maria Moreno - Línea E,6
-34.6433115390632,-58.4616524516703,1076,public WiFi location,Estación Pza. de los Virreyes - Linea E,7
-34.640136822936,-58.4578839589404,1073,public WiFi location,Estación Varela - Linea E,7
-34.6363899772838,-58.4502798363998,1070,public WiFi location,Estación Medalla Milagrosa - Linea E,7
-34.6310420393935,-58.4421715631366,1067,public WiFi location,Estación Emilio Mitre - Linea E,7
-34.6246512136807,-58.4093881589789,1063,public WiFi location,Estación Gral. Urquiza - Linea E,3
-34.6238657595808,-58.4029375334822,1060,public WiFi location,Estación Jujuy - Linea E,3
-34.6231136597281,-58.3970677545734,1057,public WiFi location,Estación Pichincha - Linea E,3
-34.6227200203349,-58.3915133454683,1054,public WiFi location,Estación Entre Rios - Linea E,3
-34.6179385239755,-58.38153460612,1048,public WiFi location,Estación Independencia - Línea E,1
-34.6092429157875,-58.373686645299,1045,public WiFi location,Estación Bolivar - Línea E,1
-34.6253649734459,-58.4155324203836,1042,public WiFi location,Estación Boedo - Línea E,5
-34.6128480689928,-58.3775835169727,1039,public WiFi location,Estación Belgrano - Linea E,1
-34.6270106367983,-58.4267915188069,1036,public WiFi location,Estación Av. La Plata - Linea E,6
-34.6096416189988,-58.3984324971668,1032,public WiFi location,Estación Pasco - Linea A,3
-34.6092251076317,-58.3926679003585,1031,public WiFi location,Estación Congreso - Linea A,3
-34.6094083759755,-58.3867752001672,1028,public WiFi location,Estación Saenz Peña - Linea A,1
-34.6090960995112,-58.3822333859121,1024,public WiFi location,Estación Lima - Linea A,1
-34.6088844526952,-58.3790890266416,1020,public WiFi location,Estación Piedra - Linea A,1
-34.6085569407996,-58.3742678206806,1016,public WiFi location,Estación Peru - Linea A,1
-34.6088098075856,-58.3709670027952,1012,public WiFi location,Estación Plaza de Mayo - Linea A,
-34.6276185189831,-58.3814350330717,1008,public WiFi location,Estación Constitución - Linea C,1
-34.6219124738269,-58.3799227634165,1001,public WiFi location,Estación San Juan - Linea C,1
-34.6181244270587,-58.3801739310693,996,public WiFi location,Estación Independencia - Linea C,1
-34.612616493454,-58.3804455382853,992,public WiFi location,Estación Moreno - Linea C,1
-34.6089816818557,-58.380611415153,988,public WiFi location,Estación Av. De Mayo - Linea C,1
-34.6048470241063,-58.3795276203496,985,public WiFi location,Estación Diagonal Norte  - Linea C,1
-34.6017683380729,-58.3781648558478,982,public WiFi location,Estación Lavalle - Linea C,1
-34.5812488628148,-58.4742392979882,976,public WiFi location,Estacion De Los Incas - Línea B,15
-34.584090367485,-58.4662290149137,975,public WiFi location,Estación Tronador - Línea B,15
-34.5871978274454,-58.4550281941678,973,public WiFi location,Estación Federico Lacroze - Línea B,15
-34.5917141807772,-58.4475761619495,971,public WiFi location,Estación Dorrego - Línea B,15
-34.6021592973156,-58.4312762718364,968,public WiFi location,Estación Angel Gallardo - Linea B,5
-34.5950566938277,-58.3778210614244,967,public WiFi location,Estación San Martin - Linea C,1
-34.6040792544401,-58.4117611137201,963,public WiFi location,Estación Carlos Gardel - Línea B,3
-34.5911931089645,-58.3740218464687,960,public WiFi location,Estación Retiro - Linea C,1
-34.6032963233166,-58.3750732484466,953,public WiFi location,Estación Florida - Linea B,1
-34.6029883248415,-58.3699269521742,952,public WiFi location,Estación Alem - Linea B,1
-34.6046418100931,-58.3994739120811,950,public WiFi location,Estación Pasteur - Linea B,3
-34.604420862181,-58.3923092926259,946,public WiFi location,Estación Callao - Línea B,1
-34.6036354298612,-58.380716223312,942,public WiFi location,Estacion Carlos Pellegrini - Linea B,1
-34.5822253943391,-58.3837293714329,935,public WiFi location,Plaza Ledesma,1
-34.6762247804315,-58.4910030479389,934,public WiFi location,Escenario Piedra Buena,8
-34.6043310423038,-58.3717151021407,933,public WiFi location,"Espacio Público, Sarmiento 348",1
-34.6001648896942,-58.3804169508281,931,public WiFi location,"Espacio Público, Viamonte 950",1
-34.6000462027665,-58.3774672772797,930,public WiFi location,"Espacio Público, Viamonte 744",1
-34.608311852288,-58.3749099978829,929,public WiFi location,"Espacio Público, Peru 26",1
-34.5975782593987,-58.3762305516901,928,public WiFi location,"Espacio Público, Paraguay 656",1
-34.5959518989643,-58.3785095240082,927,public WiFi location,"Espacio Público, Esmeralda 1048",1
-34.6066336308134,-58.3779328436246,926,public WiFi location,"Espacio Público, Esmeralda 138",1
-34.5975950316101,-58.3728879784775,925,public WiFi location,"Espacio Público, Reconquista 875",1
-34.6010973922664,-58.3712819545944,924,public WiFi location,"Espacio Público, 25 de mayo 574",1
-34.6052985503894,-58.376515412461,923,public WiFi location,"Espacio Público, Maipu 241",1
-34.6017104845223,-58.3739762152377,922,public WiFi location,"Espacio Público, San Martín 540",1
-34.5927265568355,-58.4199467803627,920,public WiFi location,"Parques y Plazas, Plaza Unidad Latinoamericana",14
-34.6113512917655,-58.3980963527994,919,public WiFi location,"Parques y Plazas, Plaza Primero de Mayo",3
-34.6336388419413,-58.5214468491499,918,public WiFi location,"Metrobus Juan B. Justo, Estación Vélez Sarsfield",10
-34.598801499824,-58.5127048779186,916,public WiFi location,"Parques y Plazas, Plaza Arenales 2",11
-34.6002593209072,-58.5123899400315,915,public WiFi location,"Parques y Plazas, Plaza Arenales 1",11
-34.6295778142468,-58.3920650695771,914,public WiFi location,"Metrobus Sur Roca, Estación Entre Rios",4
-34.5524653783904,-58.4369869519461,913,public WiFi location,"Parques y Plazas, Plaza Parques Nacionales Argentinos",13
-34.5413943757857,-58.4703005092401,912,public WiFi location,"Parques y Plazas, Plaza Félix Lima",13
-34.6018656001877,-58.3781097766979,911,public WiFi location,"Espacio Público, Esmeralda 549",1
-34.6012057263546,-58.3774361747035,910,public WiFi location,"Espacio Público, Tucumán 744",1
-34.6045219952732,-58.372345947187,909,public WiFi location,"Espacio Público, Reconquista 281",1
-34.6022182134172,-58.3760231693405,908,public WiFi location,"Espacio Público, Lavalle 653",1
-34.5993776284311,-58.3754167577824,907,public WiFi location,"Espacio Público, Florida 746",1
-34.6038317337257,-58.3752536721808,906,public WiFi location,"Espacio Público, Florida 364",1
-34.6060150538409,-58.3751471636619,905,public WiFi location,"Espacio Público, Florida 180",1
-34.6220675517823,-58.4565667863053,904,public WiFi location,"Parques y Plazas, Plaza del Angel Gris",7
-34.6706681699885,-58.4951484805537,903,public WiFi location,Portal Inclusivo Villa15,8
-34.6748738793432,-58.4909398835094,902,public WiFi location,Capilla San Francisco,8
-34.6679461954721,-58.4935939849703,901,public WiFi location,Cancha Mate,9
-34.6551832338481,-58.4006152582066,900,public WiFi location,Portal Inclusivo Barrio 2124,4
-34.6551413358855,-58.4018142873376,899,public WiFi location,Plaza Copacabana,4
-34.6567695273052,-58.4016229487445,898,public WiFi location,Cancha M52,4
-34.6573783182942,-58.3959540314479,897,public WiFi location,Cancha Changuitos,4
-34.6443969386105,-58.4457558122262,896,public WiFi location,Plaza de la Paz,7
-34.6483016854491,-58.439553939741,895,public WiFi location,Polideportivo Rivadavia,7
-34.6186110557655,-58.5080672628557,894,public WiFi location,"Parques y Plazas, Plaza Monseñor Fermín Lafitte",10
-34.5838660038794,-58.4168064097032,893,public WiFi location,"Parques y Plazas, Jardín Botánico Carlos Thays",14
-34.6266597826788,-58.3695099295079,892,public WiFi location,"Parques y Plazas, Parque Lezama",4
-34.5614729376062,-58.4556639947248,891,public WiFi location,"Parques y Plazas, Plaza Gral. Manuel Belgrano",13
-34.6084436906846,-58.3721798970362,890,public WiFi location,"Parques y Plazas, Plaza de Mayo",1
-34.6550181556125,-58.4727025763016,888,public WiFi location,Portal Inclusivo Boulevard,9
-34.6487330761571,-58.4475500351133,887,public WiFi location,Portal Inclusivo Varela,7
-34.664187444596,-58.4524791418265,886,public WiFi location,Piletones,8
-34.6610390781556,-58.4516048096453,885,public WiFi location,Polideportivo Piletones,8
-34.6447398189336,-58.4419567892874,884,public WiFi location,Plaza de los Niños,7
-34.6505134617905,-58.4330810725935,883,public WiFi location,Portal Inclusivo Perito Moreno,7
-34.5811062158408,-58.3857936237705,881,public WiFi location,Plaza de los Gordos,1
-34.58521363167,-58.3782636627543,880,public WiFi location,Cancha de los Lapices,1
-34.6549315302244,-58.4737192592761,879,public WiFi location,Cancha San Juan Bautista,9
-34.6736087863691,-58.4681853160553,878,public WiFi location,Cancha Los Huerfanos,8
-34.6720558570794,-58.4604470897898,877,public WiFi location,Portal Inclusivo Manzana 30,8
-34.6595317332222,-58.4566955503056,876,public WiFi location,Plaza Lacarra y Somellera,8
-34.6559475402155,-58.4546894652423,875,public WiFi location,Portal Inclusivo Carrillo,8
-34.6608216129425,-58.447319580903,874,public WiFi location,Plaza Fatima,8
-34.6646367234479,-58.4427655859776,873,public WiFi location,Plaza NIDO Soldati,8
-34.6556670516434,-58.4706437710098,872,public WiFi location,Plaza La Salle,9
-34.634223707993,-58.5079225060594,870,public WiFi location,"Parques y Plazas, Parque Derechos del Hombre",10
-34.6105107208822,-58.4675159067106,866,public WiFi location,"Parques y Plazas, Plaza Dr. Roque Saenz Peña",11
-34.6643332857,-58.449048797335,865,public WiFi location,"Metrobus Sur Fernandez de la Cruz, Estación Laguna",8
-34.6946192068142,-58.4663787299824,863,public WiFi location,"Metrobus Sur Roca, Estación Piedra Buena",8
-34.5725761921847,-58.4161079790344,862,public WiFi location,"Parques y Plazas, Rosedal",14
-34.6222987072532,-58.4127293678925,861,public WiFi location,"Parques y Plazas, Plaza Mariano Boedo",5
-34.6235801520302,-58.4545834987727,856,public WiFi location,"Espacio Público, Patio de los Lecheros 1",7
-34.6176728727052,-58.4329227958166,855,public WiFi location,"Parques y Plazas, Parque Rivadavia",6
-34.5696510692025,-58.4771047729227,854,public WiFi location,"Parques y Plazas, Plaza Paseo de la Paz",12
-34.6124967953478,-58.5222113648065,853,public WiFi location,"Parques y Plazas, Plaza El Maestro",11
-34.6357213586516,-58.4821591491689,852,public WiFi location,"Parques y Plazas, Plaza Cnel. Ramón L. Falcón",10
-34.5719170340178,-58.4894086324604,851,public WiFi location,"Parques y Plazas, Plaza Echeverría",12
-34.6202032098856,-58.5278667116366,850,public WiFi location,"Parques y Plazas, Plaza Villa Real",10
-34.6108340378158,-58.5180714512038,849,public WiFi location,"Parques y Plazas, Plaza Tte. Gral. Pablo Ricchieri",11
-34.639245132272,-58.5093298300042,848,public WiFi location,"Parques y Plazas, Plaza Ejército de los Andes",10
-34.6053299736333,-58.4931035247884,847,public WiFi location,"Parques y Plazas, Plaza Aristóbulo del Valle 1",11
-34.5737506020877,-58.4750490254175,846,public WiFi location,"Parques y Plazas, Plaza Gral. J. M. Zapiola",12
-34.689968219805,-58.4612445434234,845,public WiFi location,"Metrobus Sur Roca, Estación Soldado de la Frontera",8
-34.6431127883232,-58.423172983957,844,public WiFi location,"Metrobus Sur Fernandez de la Cruz, Estación Av. La Plata",4
-34.5907884244905,-58.5011260968973,842,public WiFi location,"Parques y Plazas, Plaza Martín Rodríguez",12
-34.569737005645,-58.4533397490419,841,public WiFi location,"Parques y Plazas, Plaza Juan José Paso",13
-34.5440965802487,-58.4773533442964,840,public WiFi location,"Parques y Plazas, Plaza Benjamín Vicuña Mackenna",12
-34.5688613693903,-58.4472283795706,839,public WiFi location,"Metrobus Norte, Estación Aguilar",13
-34.5723436926908,-58.440256735853,838,public WiFi location,"Metrobus Norte, Estación Matienzo",14
-34.5718130772258,-58.4412022798191,837,public WiFi location,"Metrobus Norte, Estación Jorge Newbery",14
-34.638268043453,-58.5261138791991,836,public WiFi location,"Metrobus Juan B. Justo, Estación Liniers",9
-34.5713263210616,-58.442239728487,835,public WiFi location,"Metrobus Norte, Estación Maure",13
-34.6334569239729,-58.5139111082032,834,public WiFi location,"Metrobus Juan B. Justo, Estación Polideportivo Vélez Sarsfield",10
-34.5709278181187,-58.4430431552329,833,public WiFi location,"Metrobus Norte, Estación Gorostiaga",13
-34.5701082825906,-58.4445024574361,832,public WiFi location,"Metrobus Norte, Estación Olleros",13
-34.5691810136158,-58.4463783115367,831,public WiFi location,"Metrobus Norte, Estación Teodoro Garcia",13
-34.6343401243604,-58.5067279413042,830,public WiFi location,"Metrobus Juan B. Justo, Estación Cortina",10
-34.632208354416,-58.5010440879522,829,public WiFi location,"Metrobus Juan B. Justo, Estación Av. Lope de Vega",10
-34.6295344574075,-58.4948524225799,828,public WiFi location,"Metrobus Juan B. Justo, Estación Av. Carrasco",10
-34.6270101756477,-58.4910946618592,827,public WiFi location,"Metrobus Juan B. Justo, Estación Av. Segurola",10
-34.6251429839953,-58.4859233245498,826,public WiFi location,"Metrobus Juan B. Justo, Estación Chivilcoy",10
-34.6220407598444,-58.4808171285285,825,public WiFi location,"Metrobus Juan B. Justo, Estación Concordia",11
-34.5689875341135,-58.4467701597751,824,public WiFi location,"Metrobus Norte, Estación Palpa",13
-34.618101861621,-58.4760960455675,823,public WiFi location,"Metrobus Juan B. Justo, Estación Av. Nazca",11
-34.5681157528464,-58.44864520973,822,public WiFi location,"Metrobus Norte, Estación Céspedes",13
-34.6138238785238,-58.4722527834405,821,public WiFi location,"Metrobus Juan B. Justo, Estación Artigas",11
-34.6113032037563,-58.467848324634,820,public WiFi location,"Metrobus Juan B. Justo, Estación Boyaca",11
-34.6073724573593,-58.4627049858066,819,public WiFi location,"Metrobus Juan B. Justo, Estación Av. Donato Alvarez",11
-34.5677946028092,-58.4490281715771,818,public WiFi location,"Metrobus Norte, Estación Zabala",13
-34.6044913354846,-58.4584744779847,817,public WiFi location,"Metrobus Juan B. Justo, Estación Av. San Martín",15
-34.6001200012005,-58.4520531334193,816,public WiFi location,"Metrobus Juan B. Justo, Estación Av. Honorio Pueyrredon",15
-34.5673874954201,-58.4497638164836,815,public WiFi location,"Metrobus Norte, Estación Virrey Loreto",13
-34.5664708446846,-58.4517034037476,814,public WiFi location,"Metrobus Norte, Estación Virrey Arredondo",13
-34.5970912407718,-58.4476909156459,813,public WiFi location,"Metrobus Juan B. Justo, Estación Murillo",15
-34.5658788154397,-58.4528479723494,812,public WiFi location,"Metrobus Norte, Estación Virrey del Pino",13
-34.5644376778444,-58.4547024389101,811,public WiFi location,"Metrobus Norte, Estación La Pampa",13
-34.5922664115843,-58.4407040171449,810,public WiFi location,"Metrobus Juan B. Justo, Estación Aguirre",15
-34.5634328923239,-58.4553926877815,809,public WiFi location,"Metrobus Norte, Estación Sucre",13
-34.585371950978,-58.4347519703331,808,public WiFi location,"Metrobus Juan B. Justo, Estación Honduras",14
-34.5615801749636,-58.4570019754503,807,public WiFi location,"Metrobus Norte, Estación Juramento",13
-34.5606562302065,-58.4579413085158,806,public WiFi location,"Metrobus Norte, Estación Mendoza",13
-34.5818663181463,-58.4300283642842,805,public WiFi location,"Metrobus Juan B. Justo, Estación Guatemala",14
-34.5596770916589,-58.4586264520722,804,public WiFi location,"Metrobus Norte, Estación Olazabal",13
-34.5775886031066,-58.4265278412909,803,public WiFi location,"Metrobus Juan B. Justo, Estación Pacífico",14
-34.5585422586109,-58.4597790628436,802,public WiFi location,"Metrobus Norte, Estación Blanco Encalada",13
-34.5579693044523,-58.4602896095604,801,public WiFi location,"Metrobus Norte, Estación Monroe",13
-34.6599169549597,-58.4295512754752,800,public WiFi location,"Metrobus Sur Roca, Estación Berg",8
-34.6615026169915,-58.4330133873029,799,public WiFi location,"Metrobus Sur Roca, Estación Varela",8
-34.6593116247047,-58.4424395361609,798,public WiFi location,"Metrobus Sur Fernandez de la Cruz, Estación La Fuente",8
-34.6279558325374,-58.3960629914119,797,public WiFi location,"Metrobus Sur Fernandez de la Cruz, Estación Pichincha",3
-34.6400500504431,-58.4193260932927,796,public WiFi location,"Metrobus Sur Fernandez de la Cruz, Estación Caseros",4
-34.6475291545269,-58.4279327433962,795,public WiFi location,"Metrobus Sur Fernandez de la Cruz, Estación Del Barco Centenera",4
-34.6556557629657,-58.4377996811463,794,public WiFi location,"Metrobus Sur Fernandez de la Cruz, Estación Varela",8
-34.6338774093126,-58.4066118718233,793,public WiFi location,"Metrobus Sur Roca, Estación La Rioja",4
-34.6302025072799,-58.3954031198439,789,public WiFi location,"Metrobus Sur Roca, Estación Garrahan",4
-34.6311787402839,-58.4072377870742,787,public WiFi location,"Metrobus Sur Fernandez de la Cruz, Estación La Rioja",4
-34.6080500788813,-58.4101251797948,780,public WiFi location,Paseo Comercial Once,3
-34.5490006329618,-58.471552863463,779,public WiFi location,"Parques y Plazas, Plaza Ildefonso F. Cavagna Martínez 1",12
-34.5387596003058,-58.4756270415858,778,public WiFi location,"Metrobus Norte, Estación Gral Paz",12
-34.5475997991353,-58.4693288167508,777,public WiFi location,"Metrobus Norte, Estación Manzanares",12
-34.5411475184171,-58.4741272894864,776,public WiFi location,"Metrobus Norte, Estación Pico",13
-34.5426700972018,-58.4728656590481,775,public WiFi location,"Metrobus Norte, Estación Arias",13
-34.543416135974,-58.4723041219133,774,public WiFi location,"Metrobus Norte, Estación Ramallo",13
-34.5441998258754,-58.4718760845726,773,public WiFi location,"Metrobus Norte, Estación Correa",12
-34.544937111459,-58.4713366225486,772,public WiFi location,"Metrobus Norte, Estación Ruiz Huidobro",12
-34.5456107079002,-58.4706988395169,771,public WiFi location,"Metrobus Norte, Estación Besares",12
-34.5463409597302,-58.4701574678602,770,public WiFi location,"Metrobus Norte, Estación Vilela",12
-34.5470417642929,-58.4697347166123,769,public WiFi location,"Metrobus Norte, Estación Paroissien",12
-34.548655123925,-58.4683330780308,768,public WiFi location,"Metrobus Norte, Estación Crisólogo Larralde",13
-34.5493114026622,-58.4678167027947,767,public WiFi location,"Metrobus Norte, Estación Nuñez",13
-34.5505184193538,-58.4670162945276,766,public WiFi location,"Metrobus Norte, Estación Juana Azurduy",13
-34.5512938726482,-58.4664176019391,765,public WiFi location,"Metrobus Norte, Estación Manuela Pedraza",13
-34.5516181217735,-58.4659565730017,764,public WiFi location,"Metrobus Norte, Estación Campos Salles",13
-34.5530940057382,-58.4647658256463,763,public WiFi location,"Metrobus Norte, Estación Iberá",13
-34.554011184228,-58.4640892864815,762,public WiFi location,"Metrobus Norte, Estación Quesada",13
-34.5550133219248,-58.463088723247,761,public WiFi location,"Metrobus Norte, Estación Congreso",13
-34.5558893609705,-58.4620814462484,760,public WiFi location,"Metrobus Norte, Estación Ugarte",13
-34.55684835419,-58.4611585387294,759,public WiFi location,"Metrobus Norte, Estación Roosevelt",13
-34.5418875747147,-58.4735911015055,758,public WiFi location,"Metrobus Norte, Estación Deheza",13
-34.6028088180228,-58.4651092906593,752,public WiFi location,"Metrobus San Martín, Estación Av. Donato Alvarez 1",15
-34.5969100989045,-58.4951273177937,751,public WiFi location,"Metrobus San Martín, Estación Roffo",11
-34.5846232300563,-58.3794688862688,750,public WiFi location,Barrio 31-Galpón,1
-34.5894166206452,-58.4162346420822,749,public WiFi location,"Parques y Plazas, Plaza Güemes",14
-34.6042711375395,-58.4592985709344,748,public WiFi location,"Metrobus San Martín, Estación Pappo Napolitano",11
-34.597468679394,-58.4870182772787,747,public WiFi location,"Metrobus San Martín, Estación 2 de Abril",11
-34.6298778880502,-58.4827716967653,742,public WiFi location,"Parques y Plazas, Plaza Vélez Sarsfield",10
-34.5828236062077,-58.3789725827467,741,public WiFi location,Barrio 31-Cancha Güemes,1
-34.5830028247436,-58.3800470755741,740,public WiFi location,Barrio 31-Plaza de María,1
-34.5853245139111,-58.3768086800292,739,public WiFi location,Barrio 31-Feria,1
-34.5916252574472,-58.5112021395219,738,public WiFi location,"Metrobus San Martín, Estación Mosconi",11
-34.6288920257169,-58.4935197583721,737,public WiFi location,"Parques y Plazas, Plaza de la Bandera",10
-34.6402752087943,-58.4060232550507,736,public WiFi location,"Parques y Plazas, Manzana Cívica",4
-34.5904194950036,-58.5151941830855,735,public WiFi location,"Metrobus San Martín, Estación Ladines",11
-34.5929460676286,-58.5075942417535,734,public WiFi location,"Metrobus San Martín, Estación Cubas",11
-34.5959870963169,-58.499404116066,733,public WiFi location,"Metrobus San Martín, Estación Solano López",11
-34.5971403818529,-58.4916851582509,732,public WiFi location,"Metrobus San Martín, Estación Comunicaciones",11
-34.5977308550165,-58.483611345177,731,public WiFi location,"Metrobus San Martín, Estación Agronomía",11
-34.5987465091667,-58.4810042743324,730,public WiFi location,"Metrobus San Martín, Estación Empedrado",11
-34.6015692461088,-58.4701064124591,729,public WiFi location,"Metrobus San Martín, Estación Álvarez Jonte",15
-34.5807630536297,-58.4455214836623,728,public WiFi location,"Parques y Plazas, Plaza Mafalda",13
-34.6089421047319,-58.406037010678,723,public WiFi location,Estación Once - 30 de Diciembre - Línea H,3
-34.5825078593767,-58.4187012958104,718,public WiFi location,Jardín Botánico (Casona),14
-34.5827785805383,-58.4171168389254,717,public WiFi location,Jardin Botánico Carlos Thays,14
-34.5999725509561,-58.511058988209,716,public WiFi location,Htal. Zubizarreta,11
-34.6253368904816,-58.5076139395859,715,public WiFi location,Htal. Velez Sarfield,10
-34.6150402789385,-58.4483015756095,714,public WiFi location,Museo de Esculturas Luis Perlotti,6
-34.6280790547908,-58.3714309532972,713,public WiFi location,Edificio Finochietto,4
-34.6122194775092,-58.3858303606371,711,public WiFi location,Agencia de Protección Ambiental,1
-34.6042796422951,-58.4330297198065,710,public WiFi location,Señalamiento Luminoso,6
-34.6503866080475,-58.4029185524954,708,public WiFi location,Sede NIDO - Barrio Zavaleta,4
-34.6106759684483,-58.3698240113815,707,public WiFi location,Ministerio de Educación,1
-34.6766188757883,-58.4538434338092,706,public WiFi location,CIM Villa Lugano,8
-34.6120925777804,-58.4116817268224,705,public WiFi location,CIM Margarita Malharro,3
-34.6012555765468,-58.4191822994397,704,public WiFi location,CIM Elvira Rawson,5
-34.5872706916233,-58.4089384900678,703,public WiFi location,Servicio Social Zonal 14,14
-34.5537815833309,-58.4640249624256,702,public WiFi location,Servicio Social Zonal 13,13
-34.6000166542063,-58.3915509579091,701,public WiFi location,Servicio Social Zonal 2,1
-34.6276971096281,-58.4218481731296,700,public WiFi location,Servicio Social Zonal 5,5
-34.623219703625,-58.3986181999926,699,public WiFi location,Servicio Social Zonal 3,3
-34.6016829598231,-58.4623346735102,698,public WiFi location,Servicio Social Zonal 15,15
-34.6016829598231,-58.4623346735102,697,public WiFi location,Servicio Social Zonal 10,15
-34.6290175812606,-58.3698690067363,695,public WiFi location,Edificio Lezama,1
-34.6285242258581,-58.4272873629078,678,public WiFi location,ISC - ASI Desarrollo,7
-34.5841200414108,-58.3749264148556,677,public WiFi location,Portal Inclusivo Villa 31,1
-34.6022568125962,-58.3680451216643,674,public WiFi location,Terminal Combis Puerto Madero,1
-34.5805640913086,-58.464141845839,664,public WiFi location,Servicio Social Zonal 12,15
-34.6132846158482,-58.524193640854,663,public WiFi location,Servicio Social Zonal 11,11
-34.6607972748633,-58.4332393496743,662,public WiFi location,CMB Nº 39,8
-34.6518262956173,-58.4777544804623,661,public WiFi location,CMB Nº 38,9
-34.6461645357414,-58.3718220054287,660,public WiFi location,CMB Nº 37,4
-34.5852024732771,-58.4860670312675,659,public WiFi location,CMB Nº 36,15
-34.5912460693846,-58.498832091436,658,public WiFi location,CMB Nº 35,15
-34.5894254693965,-58.4411670575732,657,public WiFi location,CMB Nº 34,15
-34.5447607999572,-58.476601587884,656,public WiFi location,CMB Nº 33,12
-34.6280012985796,-58.5040161329697,655,public WiFi location,CMB Nº 32,10
-34.6394122276215,-58.4460586762086,654,public WiFi location,CMB Nº 31,7
-34.6335933458017,-58.3704862935966,653,public WiFi location,CMB Nº 30,4
-34.6124424014035,-58.4033114965249,652,public WiFi location,CMB Nº 29,3
-34.6658770993537,-58.4849701614135,651,public WiFi location,CMB Nº 28,8
-34.6051603143746,-58.4448889910928,648,public WiFi location,CMB Nº 27,15
-34.5517267713519,-58.4631591247924,647,public WiFi location,CMB Nº 26,13
-34.6328125406703,-58.4040087005944,645,public WiFi location,CMB Nº 24,4
-34.6297947919835,-58.429706136227,644,public WiFi location,CMB Nº 23,7
-34.6030770684934,-58.3794235704549,643,public WiFi location,"Conservatorio S. M. ""Manuel de Falla""",1
-34.603041018269,-58.3794345083749,642,public WiFi location,"Conservatorio S. M. ""Manuel de Falla""",1
-34.6465934118243,-58.5136080983807,641,public WiFi location,Polideportivo Santojanni,9
-34.5798824150905,-58.4455456567543,640,public WiFi location,Polideportivo Colegiales,13
-34.5849896360167,-58.4137084531004,637,public WiFi location,CMB Nº 22,14
-34.64935435663,-58.4943617241047,636,public WiFi location,CMB Nº 20,9
-34.6137422033411,-58.5266752081579,635,public WiFi location,CMB Nº 19,10
-34.6505420699384,-58.4318016908883,634,public WiFi location,SECHI Madre del Pueblo,7
-34.6230884210032,-58.4023296683482,632,public WiFi location,Estación Humberto 1º - Línea H,3
-34.6412674404756,-58.4123851480475,628,public WiFi location,Estación Hospitales - Línea H,4
-34.615244691345,-58.4047377431694,624,public WiFi location,Estación Venezuela - Línea H,3
-34.62937917327,-58.4009700451907,621,public WiFi location,Estación Inclán - Línea H,4
-34.6357482612228,-58.3989341266402,616,public WiFi location,Estación Caseros - Línea H,4
-34.5556376465821,-58.4623845508901,608,public WiFi location,Estación Congreso de Tucumán - Línea D,13
-34.562307606856,-58.4564959002182,605,public WiFi location,Estación Juramento - Línea D,13
-34.5662144238654,-58.452123419621,600,public WiFi location,Estación José Hernández - Línea D,13
-34.5700136079215,-58.4446705178753,595,public WiFi location,Estación Olleros - Línea D,14
-34.5996347641407,-58.3931267701459,585,public WiFi location,Estación Callao - Línea D,3
-34.5882365121899,-58.4112947497204,576,public WiFi location,Estación Bulnes - Línea D,14
-34.5851538297115,-58.4159598709854,572,public WiFi location,Estación R. Scalabrini Ortiz - Línea D,14
-34.5916254406162,-58.4071709059624,567,public WiFi location,Estación Agüero - Línea D,2
-34.601586445542,-58.3851436060007,562,public WiFi location,Estación Tribunales - Línea D,1
-34.6089389006323,-58.406039193396,556,public WiFi location,Espacio Subte Digital Once - 30 de Diciembre - Línea H,3
-34.6230984703822,-58.4023312218609,555,public WiFi location,Espacio Subte Digital Humberto 1º - Línea H,3
-34.6357512291318,-58.3989254011466,554,public WiFi location,Espacio Subte Digital Caseros - Línea H,4
-34.6092400867061,-58.3736804948211,553,public WiFi location,Espacio Subte Digital Bolivar - Línea E,1
-34.6078001792052,-58.3739569974545,552,public WiFi location,Espacio Subte Digital Catedral - Línea D,1
-34.6042427105967,-58.3805763407772,551,public WiFi location,Espacio Subte Digital 9 de Julio Línea D,1
-34.5997643798604,-58.3979272085267,550,public WiFi location,Espacio Subte Digital Facultad de Medicina - Línea D,3
-34.581410322368,-58.4211984551324,549,public WiFi location,Espacio Subte Digital Plaza Italia - Línea D,14
-34.5784202515756,-58.4257146632194,548,public WiFi location,Espacio Subte Digital Palermo - Línea D,14
-34.5751711958501,-58.4350097564353,547,public WiFi location,Espacio Subte Digital Carranza - Línea D,14
-34.6029923433781,-58.3699297247645,546,public WiFi location,Espacio Subte Digital Alem - Línea B,1
-34.6307070600453,-58.469639651188,544,public WiFi location,Espacio Subte Digital San Pedrito - Línea A,7
-34.6120039293508,-58.4797546183575,543,public WiFi location,CMB Nº 13,11
-34.6193106613858,-58.4651482800009,541,public WiFi location,CMB Nº 12,7
-34.6559179970118,-58.4556782711074,540,public WiFi location,SECHI Plaza Carrillo,8
-34.660474033834,-58.4471031767715,537,public WiFi location,SECHI Sede Barrio Fátima,8
-34.6409743206695,-58.4316876865409,536,public WiFi location,CMB Nº 8,7
-34.6452086369702,-58.5124123417808,535,public WiFi location,CMB Nº 7,9
-34.6196032137453,-58.3937070289882,534,public WiFi location,CMB Nº 6,3
-34.6548670990032,-58.3795260056173,533,public WiFi location,Posta Digital - CMD,4
-34.6084660945371,-58.4350465839634,531,public WiFi location,Inst. de Zoonosis Luis Pasteur,6
-34.6097192799921,-58.4074178685168,530,public WiFi location,Estación Saludable Plaza Miserere,3
-34.6284891515178,-58.4636224864458,529,public WiFi location,Estación Saludable Plaza Flores,7
-34.6378829374324,-58.4059199094467,528,public WiFi location,Estación Saludable Parque Patricios,4
-34.5916779789863,-58.4481111164194,527,public WiFi location,Estación Saludable Parque Los Andes,15
-34.5976564671343,-58.4752130047154,525,public WiFi location,Htal. de Emerg. Psiquiátricas Torcuato de Alvear,15
-34.6432024419744,-58.4108974552092,524,public WiFi location,Htal. J. A. Penna,4
-34.6393032299615,-58.3843648643223,523,public WiFi location,Htal. de Salud Mental Braulio Moyano,4
-34.6391665336357,-58.4024121525409,522,public WiFi location,Centro del Distrito Tecnológico (Espacios de recepción al público),4
-34.5733898111286,-58.4145093167028,512,public WiFi location,Plaza Ramón Fernández,14
-34.640258803505,-58.4085884120845,511,public WiFi location,Pzta. Dr. Genaro Giacobini,4
-34.6445294775024,-58.4104745715627,510,public WiFi location,Plaza José C. Paz,4
-34.6422697864467,-58.4097209295311,509,public WiFi location,Parque Uriburu,4
-34.638963729305,-58.4089913501943,508,public WiFi location,Parque Patricios (Distrito Tecnológico),5
-34.6643661847337,-58.4668024158405,507,public WiFi location,Estación Saludable Parque Indoamericano,8
-34.6349495301177,-58.4397298258896,506,public WiFi location,Estación Saludable Parque Chacabuco,7
-34.6051255094866,-58.43456604098,505,public WiFi location,Estación Saludable Parque Centenario,6
-34.6453579639086,-58.4755730884447,504,public WiFi location,Estación Saludable Parque Avellaneda,9
-34.6269400252844,-58.382230244483,503,public WiFi location,Estación Saludable Constitución,1
-34.6044987708221,-58.4054498832977,502,public WiFi location,Estación Saludable Corrientes Línea H,3
-34.6147258053099,-58.4276435228447,500,public WiFi location,Htal. de Odontología  J. Dueñas,5
-34.5845100290469,-58.4026050472699,499,public WiFi location,Htal. Odontológico Dr. R. Carrillo (Ex Nacional),2
-34.553907886517,-58.4408846202799,498,public WiFi location,Htal. de Rehabilitación Psicofísica,13
-34.6366246934182,-58.3821666207014,497,public WiFi location,Htal. de Salud Mental J. Borda,4
-34.6241255739229,-58.4694760287131,496,public WiFi location,Htal. Alvarez,7
-34.5845643853643,-58.4008016124095,495,public WiFi location,Htal. Rivadavia,2
-34.6176346384995,-58.4095811667103,493,public WiFi location,Htal. Ramos Mejía,3
-34.6030823411655,-58.3809152482781,492,public WiFi location,Galería Pasaje Obelisco Norte,1
-34.6044996517548,-58.3808200499735,491,public WiFi location,Galería Pasaje Obelisco Sur,1
-34.581409024534,-58.4211985850197,489,public WiFi location,Estación Plaza Italia - Línea D,14
-34.5784163937198,-58.4257138598967,484,public WiFi location,Estación Palermo - Línea D,14
-34.5997546779529,-58.3979347569958,477,public WiFi location,Estación Facultad de Medicina - Línea D,3
-34.5979223885568,-58.37551917489,466,public WiFi location,Florida 870,1
-34.6017229371545,-58.3753948224462,465,public WiFi location,Florida 540,1
-34.607770081199,-58.3747963460282,462,public WiFi location,Florida 25,1
-34.6065376511491,-58.375838905154,461,public WiFi location,Subsecretaría Ciudad Inteligente,1
-34.6412710325493,-58.4069130256873,460,public WiFi location,Nueva Sede GCBA (Recepciones Público),4
-34.5715362374776,-58.4126537094449,459,public WiFi location,Estación Saludable Rosedal,14
-34.6087571006617,-58.3744623222062,458,public WiFi location,Estación Saludable Peru,1
-34.6069507914693,-58.3751324374879,456,public WiFi location,Estación Saludable Diagonal y Florida (Refuerzo),1
-34.6505898477812,-58.4318602389053,455,public WiFi location,SECHI PLAZA ROTONDA / ESPEJO,7
-34.6497929862705,-58.433346503365,452,public WiFi location,SECHI Nidito,7
-34.6507409020397,-58.4378712846774,451,public WiFi location,SECHI - Corredor Saludable Perito Moreno,4
-34.6211941479523,-58.3663126292929,446,public WiFi location,COPIDIS,1
-34.6277409870507,-58.3796335557595,445,public WiFi location,Estación Constitución,1
-34.5914273758394,-58.4502477016849,444,public WiFi location,Baldomero Fernández Moreno,15
-34.6033847196876,-58.4093596424251,443,public WiFi location,Pasaje Carlos Gardel,3
-34.5809046335167,-58.4197741740788,442,public WiFi location,Jardín Zoológico,14
-34.5976889032328,-58.4302299712055,440,public WiFi location,EMAD - Escuela Metropolitana de Arte Dramático,15
-34.6302498357574,-58.4669382206226,439,public WiFi location,Sede de Comuna 7,7
-34.680530730857,-58.4488644898114,438,public WiFi location,Estación Saludable SACTA,
-34.615598175299,-58.456522993909,436,public WiFi location,Plaza Irlanda - Centro de Jubilados,6
-34.6317707424733,-58.4009970869445,435,public WiFi location,Estación Jujuy,4
-34.6052778473174,-58.3819702457595,432,public WiFi location,Estación de Combis,1
-34.5775415770425,-58.426978337133,431,public WiFi location,Estación Saludable Pacífico,14
-34.5926733185879,-58.3741427089095,429,public WiFi location,Estación Saludable Retiro,1
-34.6381491094026,-58.4944126578934,428,public WiFi location,Centro de Día Nro. 27,10
-34.6442007919524,-58.412013617429,426,public WiFi location,Distrito Tecnológico Miriñay 3532,4
-34.6438312415118,-58.4117103927509,425,public WiFi location,Distrito Tecnológico Cortajarena 3514,4
-34.6429170762078,-58.4120568132717,424,public WiFi location,Distrito Tecnológico Dr. Prof. P. Chutro 3434,4
-34.6417387733591,-58.4126983663937,423,public WiFi location,Distrito Tecnológico Almafuerte y Puna,4
-34.6396184160357,-58.4118257380824,422,public WiFi location,Distrito Tecnológico Almafuerte y Pomar,4
-34.6182239809075,-58.413540413247,421,public WiFi location,Centro de Día Nro. 17,5
-34.6247820936002,-58.3761999543141,420,public WiFi location,Centro de Día Nro. 19,1
-34.6416736607398,-58.4091212538291,419,public WiFi location,Distrito Tecnológico Pepirí y Los Patos,4
-34.5797587169826,-58.4306316576717,417,public WiFi location,Centro de Día Nro. 9,14
-34.5811910834447,-58.5031971356607,414,public WiFi location,Centro de Día Nro. 8,12
-34.5783955977772,-58.3859897878331,413,public WiFi location,Portal Inclusivo 31. Edif. Policía Metropolitana,1
-34.6383980825525,-58.4133764153874,412,public WiFi location,Distrito Tecnológico Caseros 3405,5
-34.6044909513013,-58.4054533177925,407,public WiFi location,Estación Corrientes - Línea H,3
-34.6058146807227,-58.4137369658183,402,public WiFi location,Conservatorio Superior de Música Manuel de Falla,5
-34.6370431670748,-58.4109273635771,401,public WiFi location,Distrito Tecnológico Sánchez de Loria y Rondeau,5
-34.6059998516346,-58.3776505339998,400,public WiFi location,Ministerio de Modernización,1
-34.6045798760278,-58.4053974973796,399,public WiFi location,Espacio Subte Digital Pueyrredón - Línea B,3
-34.6381590606751,-58.4116257957169,398,public WiFi location,Distrito Tecnológico Caseros y Almafuerte,5
-34.6725298671986,-58.457660033764,394,public WiFi location,Centro de Atención Primaria de Alta Resolución Cecilia Grierson,8
-34.6075645003778,-58.3746718346442,392,public WiFi location,Ministerio de Ambiente y Espacio Público,1
-34.6044585464367,-58.3914207553958,389,public WiFi location,Corrientes 1750,1
-34.5972607180699,-58.4760047448475,388,public WiFi location,Hogar San Martín,15
-34.6307070870644,-58.4696396292697,383,public WiFi location,Estación San Pedrito - Línea A,7
-34.6355920301867,-58.3823107735532,362,public WiFi location,Htal. Tobar García,4
-34.6350614133523,-58.446934847961,360,public WiFi location,"Instituto Vocacional de Arte "" M. J. Labarden"" - Sede Curapaligue",7
-34.6348915984303,-58.4027254390375,352,public WiFi location,Htal. Materno Infantil R. Sardá,4
-34.6889179089334,-58.4635183093806,351,public WiFi location,Centro Cultural Saladillo,8
-34.6053058851314,-58.3886955916161,350,public WiFi location,Centro Cultural General San Martín,1
-34.627363456331,-58.389149770302,349,public WiFi location,"Instituto Vocacional de Arte "" M. J. Labarden"" - Sede Garay",1
-34.6184941240534,-58.5017332862506,348,public WiFi location,Htal. de Rehabilitación M. Rocca,10
-34.5649499384993,-58.4711132795588,342,public WiFi location,Htal. Pirovano,12
-34.6380844777247,-58.4098981772845,340,public WiFi location,Templete Parque Patricios,4
-34.6054311064096,-58.4601694091779,321,public WiFi location,Htal. Lagleyze,6
-34.6565452646213,-58.4558386728106,313,public WiFi location,Plazoleta Lacarra y Somellera,7
-34.6226153068356,-58.3944342850863,310,public WiFi location,Htal. Santa Lucía,3
-34.5685328749955,-58.5079179241421,308,public WiFi location,Museo Cornelio Saavedra,12
-34.5790617636534,-58.4183798656311,307,public WiFi location,Teatro Sarmiento,14
-34.5685386532384,-58.4029021724375,305,public WiFi location,Parque Manuel Belgrano (ex KTD),2
-34.6278843798365,-58.3659244153058,302,public WiFi location,Htal. Argerich,4
-34.5902634785757,-58.4520283511224,301,public WiFi location,Centro Único de Coordinación y Control,15
-34.6652895592504,-58.4431410853125,300,public WiFi location,SECHI,8
-34.6359544244191,-58.4625239766791,299,public WiFi location,Ente de Higiene Urbana,7
-34.6120207338252,-58.3705064409783,298,public WiFi location,Ente de Turismo,1
-34.580057891379,-58.4419465224494,297,public WiFi location,Centro de Exposiciones El Dorrego,14
-34.6043592935059,-58.3901157642737,296,public WiFi location,Corrientes 1650,1
-34.6160299195915,-58.3548569013877,294,public WiFi location,Reserva Ecológica Costanera Sur (Salón eventos y oficinas),1
-34.605494217604,-58.3806970261291,291,public WiFi location,Dirección Gral. de Infracciones,1
-34.6002795644387,-58.4115964109827,290,public WiFi location,Centro Cultural Alfonsina Storni,3
-34.5918177680513,-58.4172183197889,289,public WiFi location,Centro Cultural Tato Bores,14
-34.6077698204081,-58.4082197456076,286,public WiFi location,Agencia Gubenamental de Control,3
-34.6075373695418,-58.3777581653677,285,public WiFi location,Ministerio de Educación GCBA,1
-34.6384719790709,-58.4361381568079,284,public WiFi location,Centro Cultural Plaza Flores,7
-34.6063520688123,-58.3842176489055,283,public WiFi location,Joaquín V. González,1
-34.6378141566443,-58.456448305911,282,public WiFi location,Mariano Pelliza,7
-34.6340362105459,-58.4382975013565,279,public WiFi location,Estanislao del Campo,7
-34.6442095473877,-58.4538277741592,248,public WiFi location,Htal. Piñero,7
-34.5989689710426,-58.4397714727249,247,public WiFi location,Estación Malabia - Osvaldo Pugliese - Línea B,15
-34.603165969914,-58.4209684054352,245,public WiFi location,Estación Medrano - Línea B,5
-34.6040936483628,-58.3872962517645,236,public WiFi location,Estación Uruguay - Línea B,1
-34.6340647280761,-58.4433986756609,234,public WiFi location,Centro Cultural Adán Buenosayres,7
-34.6384045588822,-58.4057945515232,233,public WiFi location,Estación Parque Patricios - Línea H,4
-34.6042484290622,-58.3887117031641,226,public WiFi location,Corrientes 1550,1
-34.6148582303323,-58.3880545662544,224,public WiFi location,Alfonsina Storni y Martín Del Barco Centenera,1
-34.6286775379831,-58.3568738498806,215,public WiFi location,Usina del Arte,4
-34.5927778768163,-58.3741886796675,213,public WiFi location,Torre Monumental,1
-34.6043767825154,-58.3886178630316,212,public WiFi location,Teatro San Martín,1
-34.6457329604874,-58.4848591212175,211,public WiFi location,Subsede Comunal 9,9
-34.6321643684323,-58.4410671831614,210,public WiFi location,Subsede Comunal 6,7
-34.6381304682077,-58.4103509605161,209,public WiFi location,Subsede Comunal 5,4
-34.6014064306566,-58.4980980687797,208,public WiFi location,Subsede Comunal 11,11
-34.6595468354037,-58.5049435876355,207,public WiFi location,Sede de Comuna 9,9
-34.6849235949623,-58.455093197257,206,public WiFi location,Sede de Comuna 8,8
-34.6089557385182,-58.4312329362698,204,public WiFi location,Sede de Comuna 6,6
-34.6237712348651,-58.3939157470549,203,public WiFi location,Sede de Comuna 5,3
-34.6284011836441,-58.3922508692999,202,public WiFi location,Polo Circo,4
-34.6502263309906,-58.4247170117109,201,public WiFi location,Sede de Comuna 4,11
-34.6030254923214,-58.3966816232213,200,public WiFi location,Sede de Comuna 3,3
-34.5889216086894,-58.3936249720034,199,public WiFi location,Subsede Comunal 2,2
-34.5967187592215,-58.3990151523522,197,public WiFi location,Sede de Comuna 2,2
-34.5870408901359,-58.4414454403581,196,public WiFi location,Sede de Comuna 15,15
-34.5871946684559,-58.4090752291575,195,public WiFi location,Sede de Comuna 14,14
-34.5536943583089,-58.4639856684465,192,public WiFi location,Sede de Comuna 13,13
-34.5686236694961,-58.4827880530232,191,public WiFi location,Sede de Comuna 12,12
-34.6082133321452,-58.516082742722,188,public WiFi location,Sede de Comuna 11,11
-34.6318212184487,-58.483288168496,187,public WiFi location,Sede de Comuna 10,10
-34.600087448613,-58.3870218543798,186,public WiFi location,Sede de Comuna 1,1
-34.5612503363944,-58.4486314420913,185,public WiFi location,Reina Batata (Infantil),13
-34.5848979513757,-58.3934316670673,184,public WiFi location,Pza. Alvear / Pza. Francia,2
-34.6559969530935,-58.4551593478384,183,public WiFi location,Portal Inclusivo Barrio Ramón Carrillo,8
-34.6524242517934,-58.3761724022273,182,public WiFi location,Centro de Primera Infancia PULGARCITO,4
-34.5878084532115,-58.3917027809039,177,public WiFi location,Plazoleta Juan XXIII,2
-34.6006237268021,-58.3827005890398,176,public WiFi location,Plaza Vaticano,1
-34.5945230004446,-58.3755546858542,175,public WiFi location,Plaza San Martín,1
-34.6146891377429,-58.4578191782196,172,public WiFi location,Plaza Irlanda,6
-34.599140621116,-58.3981426030067,170,public WiFi location,Plaza Houssay,3
-34.5616662614927,-58.4548225713544,169,public WiFi location,Plaza Gral. Manuel Belgrano,13
-34.6258021242455,-58.5078090359757,167,public WiFi location,Plaza Don Bosco,10
-34.6033146431118,-58.3816295807524,163,public WiFi location,Plaza de la Republica,1
-34.6054758733795,-58.3806496804856,158,public WiFi location,Edificio del Plata,1
-34.6084004956973,-58.3745760174691,157,public WiFi location,Patio de la Cultura,1
-34.6152573675007,-58.429219026885,156,public WiFi location,Paseo de la Victoria,6
-34.5890715496828,-58.3937819801425,153,public WiFi location,Paseo de la Recoleta,2
-34.5573636158096,-58.4997723194923,149,public WiFi location,Parque Sarmiento,12
-34.64782921422,-58.5140684161612,148,public WiFi location,Parque Santojanni,9
-34.674653689653,-58.4413459514516,145,public WiFi location,Parque Roca,8
-34.63861027923,-58.4067585768479,144,public WiFi location,Parque Patricios,4
-34.5828076747071,-58.3920022966057,143,public WiFi location,Facultad de Derecho,2
-34.5898896102022,-58.450454777315,142,public WiFi location,Parque Los Andes,15
-34.6652987965427,-58.4591109950493,140,public WiFi location,Parque Indoamericano,8
-34.6338288332998,-58.3854147571991,139,public WiFi location,Parque España,4
-34.5284958723103,-58.4577579497587,138,public WiFi location,Parque de los Niños,13
-34.6793026146634,-58.4585264176268,136,public WiFi location,Parque de las Victorias,8
-34.5410387601409,-58.4382144015995,135,public WiFi location,Parque de la Memoria,14
-34.6717343086363,-58.4510940952315,133,public WiFi location,Parque de la Ciudad,8
-34.6347811925796,-58.4422012066418,131,public WiFi location,Parque Chacabuco - Extensión,7
-34.634943956263,-58.4429484187357,130,public WiFi location,Parque Chacabuco,7
-34.6070592787277,-58.4375498244725,129,public WiFi location,Parque Centenario - Extensión,6
-34.6065385142438,-58.4357032105035,128,public WiFi location,Parque Centenario,6
-34.6451854780061,-58.4791780437484,127,public WiFi location,Parque Avellaneda,9
-34.5705766106117,-58.421432051906,125,public WiFi location,Museo Sívori,14
-34.6177388141442,-58.4525188846842,124,public WiFi location,Museo Luis Perlotti,6
-34.5612675974179,-58.4556919522339,123,public WiFi location,Museo Larreta,13
-34.5796091968091,-58.4049701604744,122,public WiFi location,Museo José Hernández,14
-34.5910625898017,-58.3802370529598,121,public WiFi location,Museo Fernández Blanco,1
-34.6294879750609,-58.3570953812576,119,public WiFi location,Museo del Cine,4
-34.6104476482742,-58.3722231289722,117,public WiFi location,Museo de la Ciudad,1
-34.6219734371874,-58.3705271174278,116,public WiFi location,Museo de Arte Moderno (MAMBA),1
-34.6016784123375,-58.4077622868369,115,public WiFi location,Museo Carlos Gardel,3
-34.6348297946947,-58.5264579247518,114,public WiFi location,Miguel Cané,9
-34.5995792789846,-58.3890008786666,113,public WiFi location,Manuel Gálvez,1
-34.5636772401267,-58.4525973819311,112,public WiFi location,Leopoldo Lugones,13
-34.5978075534664,-58.4299312778028,111,public WiFi location,Julio Cortázar,15
-34.6651895954544,-58.4743663619951,110,public WiFi location,Julio César Saguier,8
-34.5648527685518,-58.4618197843991,109,public WiFi location,José Mármol,13
-34.6594926116402,-58.4290247865609,108,public WiFi location,Centro Cultural Eladia Blázquez,8
-34.5505371979479,-58.4910133329428,106,public WiFi location,Parque del Precinto 12 (Plaza Hungría),12
-34.6388929303699,-58.3601267430462,105,public WiFi location,Htal. Quinquela Martín,4
-34.630212291207,-58.375845218526,102,public WiFi location,Htal. Maria Ferrer,4
-34.6071615843299,-58.4331500579085,101,public WiFi location,Htal. Maria Curie,6
-34.6099440878641,-58.381255566549,98,public WiFi location,Estación Yrigoyen,1
-34.6145006069406,-58.381030356945,97,public WiFi location,Estación Venezuela,1
-34.6005804300295,-58.3818123103929,96,public WiFi location,Estación Teatro Colón,1
-34.595845005054,-58.3821303401802,95,public WiFi location,Estación Santa Fe,1
-34.6491866976531,-58.5156373291473,94,public WiFi location,Htal. Santojanni,9
-34.5982531573038,-58.3818950222302,93,public WiFi location,Estación Paraguay,1
-34.6053778858849,-58.3815394202477,92,public WiFi location,Estación Obelisco Sur,1
-34.6017254419825,-58.3817535578343,91,public WiFi location,Estación Obelisco Norte,1
-34.6075846089842,-58.3813918661666,90,public WiFi location,Estación Mitre,1
-34.6155097729598,-58.3809905284027,89,public WiFi location,Estación México,1
-34.5971201763966,-58.3820015194344,88,public WiFi location,Estación Marcelo T. de Alvear,1
-34.5743238335171,-58.4863875242843,87,public WiFi location,Estación Juan Manuel de Rosas - Línea B,12
-34.6064568154422,-58.3814587397799,82,public WiFi location,Estación Juan D. Perón,1
-34.5947640307614,-58.444300153847,81,public WiFi location,"Metrobus Juan B. Justo, Estación Av. Corrientes",15
-34.6178904773706,-58.3808827691278,80,public WiFi location,Estación Independencia,1
-34.5777972373359,-58.4810166134958,78,public WiFi location,Estación Esteban Echeverría - Línea B,12
-34.6188767140538,-58.3808540572395,75,public WiFi location,Estación Estados Unidos,1
-34.5994274672618,-58.3818550522952,74,public WiFi location,Estación Córdoba,1
-34.6166794883139,-58.3809449927938,73,public WiFi location,Estación Chile,1
-34.6134730732241,-58.3810424601935,72,public WiFi location,Estación Belgrano,1
-34.611070891371,-58.381171727514,71,public WiFi location,Estación Alsina,1
-34.6379349572243,-58.4077330908641,70,public WiFi location,Enrique Banchs,4
-34.676923360823,-58.4746023514832,69,public WiFi location,El Progreso,8
-34.6094311596753,-58.3602658369179,67,public WiFi location,Dirección Gral. de Museos,1
-34.6103442931861,-58.374854938614,64,public WiFi location,Diagonal Sur y Peru,1
-34.6048900950283,-58.3790286025624,63,public WiFi location,Diagonal Norte y Sarmiento,1
-34.6076443815688,-58.3737067236271,62,public WiFi location,Diagonal Norte y San Martín,1
-34.6057782667736,-58.3772660055996,61,public WiFi location,Diagonal Norte y Perón,1
-34.6062456866607,-58.3763846689,60,public WiFi location,Diagonal Norte y Maipú,1
-34.6070196315074,-58.3748931714984,59,public WiFi location,Diagonal Norte y Florida,1
-34.6245876275318,-58.3916273578678,58,public WiFi location,Del Docente,3
-34.6045810220854,-58.4053978013412,57,public WiFi location,Estación Pueyrredón - Línea B,3
-34.6547384614982,-58.3794978082552,51,public WiFi location,Centro Metropolitano de Diseño,4
-34.6081412139402,-58.3778740475355,50,public WiFi location,Ctro. de Inf. Turística 'Roberto Arlt',1
-34.5511265769768,-58.490829477189,49,public WiFi location,Comisaría Comunal 12,12
-34.665894627401,-58.4610775798888,48,public WiFi location,CIFA,8
-34.6290872274132,-58.4635405106623,33,public WiFi location,Estación San José de Flores - Línea A,7
-34.6335531292623,-58.3866636169241,31,public WiFi location,Centro Cultural Sur,4
-34.5865924992157,-58.3918049157745,21,public WiFi location,Centro Cultural Recoleta,2
-34.6247055639513,-58.4113854142757,20,public WiFi location,Centro Cultural Julián Centeya,3
-34.6059549906077,-58.4137620223228,17,public WiFi location,Conservatorio Superior de Música Manuel de Falla,5
-34.5812818946845,-58.4237989317588,16,public WiFi location,Carlos Guido y Spano,14
-34.63934310901,-58.3627060646101,15,public WiFi location,Caminito,4
-34.6062337965054,-58.4031550568903,9,public WiFi location,EMAD - Escuela Metropolitana de Arte Dramático,3
-34.6083884251727,-58.3747834538112,8,public WiFi location,Av. de Mayo y Perú,1
-34.5992834288627,-58.5107247353059,7,public WiFi location,Antonio Devoto,11
-34.6060097185183,-58.4366871485887,6,public WiFi location,Anfiteatro Parque Centenario,15
-34.6849788440007,-58.4633488397356,5,public WiFi location,Álvaro Yunque,8
-34.6161348963839,-58.3662602147304,4,public WiFi location,Alicia Moreau de Justo y Chile,1
-34.6298260831398,-58.3602750053352,1,public WiFi location,Depósito Museo del Cine,4
